{"nm":"Main Scene","ddd":0,"h":350,"w":350,"meta":{"g":"@lottiefiles/creator 1.53.2"},"layers":[{"ty":4,"nm":"st01","sr":1,"st":0,"op":300,"ip":0,"hd":false,"ddd":0,"bm":0,"hasMask":false,"ao":0,"ks":{"a":{"a":0,"k":[33.531,25.969,0],"ix":1},"s":{"a":0,"k":[225.03842029292375,223.9574727024932],"ix":6},"sk":{"a":0,"k":0.9183},"p":{"a":0,"k":[250.91502307227233,232.97299114440955],"ix":2},"r":{"a":1,"k":[{"o":{"x":0.167,"y":0.167},"i":{"x":0.833,"y":0.833},"s":[0],"t":0},{"o":{"x":0.167,"y":0.167},"i":{"x":0.833,"y":0.833},"s":[-360],"t":120},{"o":{"x":0.167,"y":0.167},"i":{"x":0.833,"y":0.833},"s":[-360],"t":146},{"o":{"x":0.167,"y":0.167},"i":{"x":0.833,"y":0.833},"s":[0],"t":149},{"o":{"x":0.167,"y":0.167},"i":{"x":0.833,"y":0.833},"s":[-135.4324],"t":194},{"o":{"x":0.167,"y":0.167},"i":{"x":0.833,"y":0.833},"s":[-144.4124],"t":197},{"s":[-360],"t":269}],"ix":10},"sa":{"a":0,"k":0},"o":{"a":0,"k":100,"ix":11}},"shapes":[{"ty":"gr","bm":0,"hd":false,"mn":"ADBE Vector Group","nm":"Shape 1","ix":1,"cix":2,"np":3,"it":[{"ty":"sh","bm":0,"hd":false,"mn":"ADBE Vector Shape - Group","nm":"Path 1","ix":1,"d":1,"ks":{"a":0,"k":{"c":true,"i":[[0.844,0.022],[0,0],[-0.688,0],[0.688,-0.875],[4.785,-0.248],[0,-1.406],[-3.469,0],[-3.219,4.938],[0,0],[0,0]],"o":[[-1.219,-0.031],[0,0],[0.922,1.359],[-0.688,0.875],[-4.219,0.219],[0,1.594],[2.503,0],[3.219,-4.938],[0,0],[0,0]],"v":[[48.531,18.25],[41,29],[44.984,28.984],[43.156,35.094],[35.5,39.188],[30.031,42],[35.5,44.688],[48.094,37.406],[51,28.984],[55.281,28.969]]},"ix":2}},{"ty":"fl","bm":0,"hd":false,"mn":"ADBE Vector Graphic - Fill","nm":"Fill 1","c":{"a":0,"k":[0,0.5843,0.9373],"ix":4},"r":1,"o":{"a":0,"k":100,"ix":5}},{"ty":"tr","a":{"a":0,"k":[0,0],"ix":1},"s":{"a":0,"k":[100,100],"ix":3},"sk":{"a":0,"k":0,"ix":4},"p":{"a":0,"k":[0,0],"ix":2},"r":{"a":0,"k":0,"ix":6},"sa":{"a":0,"k":0,"ix":5},"o":{"a":0,"k":100,"ix":7}}]}],"ind":1},{"ty":4,"nm":"st02","sr":1,"st":0,"op":300,"ip":0,"hd":false,"ddd":0,"bm":0,"hasMask":false,"ao":0,"ks":{"a":{"a":0,"k":[32.281,27.594,0],"ix":1},"s":{"a":0,"k":[225.03842029292386,223.9574727024932],"ix":6},"sk":{"a":0,"k":0.9183},"p":{"a":0,"k":[251.05764728258816,232.6947127184714],"ix":2},"r":{"a":1,"k":[{"o":{"x":0.167,"y":0.167},"i":{"x":0.833,"y":0.833},"s":[-180],"t":0},{"o":{"x":0.167,"y":0.167},"i":{"x":0.833,"y":0.833},"s":[-540],"t":120},{"o":{"x":0.167,"y":0.167},"i":{"x":0.833,"y":0.833},"s":[-540],"t":146},{"o":{"x":0.167,"y":0.167},"i":{"x":0.833,"y":0.833},"s":[-180],"t":149},{"o":{"x":0.167,"y":0.167},"i":{"x":0.833,"y":0.833},"s":[-315.4324],"t":194},{"o":{"x":0.167,"y":0.167},"i":{"x":0.833,"y":0.833},"s":[-324.4124],"t":197},{"s":[-540],"t":269}],"ix":10},"sa":{"a":0,"k":0},"o":{"a":0,"k":100,"ix":11}},"shapes":[{"ty":"gr","bm":0,"hd":false,"mn":"ADBE Vector Group","nm":"Shape 1","ix":1,"cix":2,"np":3,"it":[{"ty":"sh","bm":0,"hd":false,"mn":"ADBE Vector Shape - Group","nm":"Path 1","ix":1,"d":1,"ks":{"a":0,"k":{"c":true,"i":[[0.844,0.022],[0,0],[-0.688,0],[0.688,-0.875],[4.785,-0.248],[0,-1.406],[-3.469,0],[-3.219,4.938],[0,0],[0,0]],"o":[[-1.219,-0.031],[0,0],[0.922,1.359],[-0.688,0.875],[-4.219,0.219],[0,1.594],[2.503,0],[3.219,-4.938],[0,0],[0,0]],"v":[[48.531,18.25],[41,29],[44.984,28.984],[43.156,35.094],[35.5,39.188],[30.031,42],[35.5,44.688],[48.094,37.406],[51,28.984],[55.281,28.969]]},"ix":2}},{"ty":"fl","bm":0,"hd":false,"mn":"ADBE Vector Graphic - Fill","nm":"Fill 1","c":{"a":0,"k":[0,0.5843,0.9373],"ix":4},"r":1,"o":{"a":0,"k":100,"ix":5}},{"ty":"tr","a":{"a":0,"k":[0,0],"ix":1},"s":{"a":0,"k":[100,100],"ix":3},"sk":{"a":0,"k":0,"ix":4},"p":{"a":0,"k":[0,0],"ix":2},"r":{"a":0,"k":0,"ix":6},"sa":{"a":0,"k":0,"ix":5},"o":{"a":0,"k":100,"ix":7}}]}],"ind":2},{"ty":4,"nm":"Shape Layer 5","sr":1,"st":0,"op":300,"ip":0,"hd":false,"ddd":0,"bm":0,"hasMask":false,"td":1,"ao":0,"ks":{"a":{"a":0,"k":[46.125,72.438,0],"ix":1},"s":{"a":0,"k":[100,100,100],"ix":6},"sk":{"a":0,"k":0},"p":{"a":1,"k":[{"o":{"x":0.167,"y":0.167},"i":{"x":0.833,"y":0.833},"s":[164.75,185],"t":0},{"s":[206.25,185.875],"t":242}],"ix":2},"r":{"a":1,"k":[{"o":{"x":0.167,"y":0.167},"i":{"x":0.833,"y":0.833},"s":[-180],"t":19},{"o":{"x":0.167,"y":0.167},"i":{"x":0.833,"y":0.833},"s":[-360],"t":62},{"s":[-180],"t":94}],"ix":10},"sa":{"a":0,"k":0},"o":{"a":0,"k":100,"ix":11}},"shapes":[{"ty":"gr","bm":0,"hd":false,"mn":"ADBE Vector Group","nm":"Ellipse 1","ix":1,"cix":2,"np":3,"it":[{"ty":"el","bm":0,"hd":false,"mn":"ADBE Vector Shape - Ellipse","nm":"Ellipse Path 1","d":1,"p":{"a":0,"k":[0,0],"ix":3},"s":{"a":0,"k":[9.5,9.5],"ix":2}},{"ty":"fl","bm":0,"hd":false,"mn":"ADBE Vector Graphic - Fill","nm":"Fill 1","c":{"a":0,"k":[1,1,1],"ix":4},"r":1,"o":{"a":0,"k":100,"ix":5}},{"ty":"tr","a":{"a":0,"k":[0,0],"ix":1},"s":{"a":0,"k":[100,100],"ix":3},"sk":{"a":0,"k":0,"ix":4},"p":{"a":0,"k":[46.125,72.438],"ix":2},"r":{"a":0,"k":0,"ix":6},"sa":{"a":0,"k":0,"ix":5},"o":{"a":0,"k":100,"ix":7}}]}],"ind":3},{"ty":4,"nm":"Shape Layer 2","sr":1,"st":0,"op":300,"ip":0,"hd":false,"ddd":0,"bm":0,"tt":2,"hasMask":false,"ao":0,"ks":{"a":{"a":0,"k":[32.281,27.594,0],"ix":1},"s":{"a":0,"k":[226.3876354223777,222.62274075054407],"ix":6},"sk":{"a":0,"k":0},"p":{"a":0,"k":[251.05764728258816,232.6947127184714],"ix":2},"r":{"a":0,"k":-180,"ix":10},"sa":{"a":0,"k":0},"o":{"a":0,"k":100,"ix":11}},"shapes":[{"ty":"gr","bm":0,"hd":false,"mn":"ADBE Vector Group","nm":"Shape 2","ix":1,"cix":2,"np":3,"it":[{"ty":"sh","bm":0,"hd":false,"mn":"ADBE Vector Shape - Group","nm":"Path 1","ix":1,"d":1,"ks":{"a":0,"k":{"c":true,"i":[[0,0],[0.125,-4.031],[0,0],[-2.719,0],[1.976,-3.42],[2.344,0],[1.031,0.063],[1.906,0],[0.969,0.063],[2.969,0.062],[0,0],[0,-3.344],[-3.313,-0.031],[-2.813,0],[0,3],[0,2.875],[2.688,0.063]],"o":[[0,0],[-0.125,4.031],[0,0],[2.719,0],[-2.094,3.625],[-2.594,0],[-1.031,-0.063],[-1.876,0],[-0.967,-0.059],[-3,-0.063],[0,0],[0,3.344],[3.313,0.031],[2.813,0],[0,-3],[0,-2.875],[-2.688,-0.063]],"v":[[56.938,20.5],[57.75,28.375],[55.625,35.656],[83.75,35.688],[85.219,42.219],[69.219,65.188],[57.594,47.625],[49.219,57],[41.938,49.813],[33.188,52.25],[25.875,50.469],[25.875,82.777],[33.313,89.188],[88.813,89.063],[94.5,82.813],[94.375,27.063],[89.719,20.582]]},"ix":2}},{"ty":"fl","bm":0,"hd":false,"mn":"ADBE Vector Graphic - Fill","nm":"Fill 1","c":{"a":0,"k":[0.1059,0.3804,0.9216],"ix":4},"r":1,"o":{"a":0,"k":100,"ix":5}},{"ty":"tr","a":{"a":0,"k":[0,0],"ix":1},"s":{"a":0,"k":[100,100],"ix":3},"sk":{"a":0,"k":0,"ix":4},"p":{"a":0,"k":[0,0],"ix":2},"r":{"a":0,"k":0,"ix":6},"sa":{"a":0,"k":0,"ix":5},"o":{"a":0,"k":100,"ix":7}}]}],"ind":4,"tp":3},{"ty":4,"nm":"Shape Layer 7","sr":1,"st":0,"op":300,"ip":0,"hd":false,"ddd":0,"bm":0,"hasMask":false,"ao":0,"ks":{"a":{"a":0,"k":[32.281,27.594,0],"ix":1},"s":{"a":0,"k":[226.25166185828616,222.75653339214975],"ix":6},"sk":{"a":0,"k":179.6401},"p":{"a":0,"k":[203.233259299611,193.73573308712633],"ix":2},"r":{"a":0,"k":-190.8214,"ix":10},"sa":{"a":0,"k":0},"o":{"a":0,"k":50,"ix":11}},"shapes":[{"ty":"gr","bm":0,"hd":false,"mn":"ADBE Vector Group","nm":"Shape 2","ix":1,"cix":2,"np":3,"it":[{"ty":"sh","bm":0,"hd":false,"mn":"ADBE Vector Shape - Group","nm":"Path 1","ix":1,"d":1,"ks":{"a":0,"k":{"c":true,"i":[[0,0],[0.125,-4.031],[0,0],[-2.719,0],[1.976,-3.42],[2.344,0],[1.031,0.063],[1.906,0],[0.969,0.063],[2.969,0.062],[0,0],[0,-3.344],[-3.313,-0.031],[-2.813,0],[0,3],[0,2.875],[2.688,0.063]],"o":[[0,0],[-0.125,4.031],[0,0],[2.719,0],[-2.094,3.625],[-2.594,0],[-1.031,-0.063],[-1.876,0],[-0.967,-0.059],[-3,-0.063],[0,0],[0,3.344],[3.313,0.031],[2.813,0],[0,-3],[0,-2.875],[-2.688,-0.063]],"v":[[66.747,21.133],[67.75,28.027],[65.751,35.969],[83.75,35.688],[85.219,42.219],[69.219,65.188],[57.594,47.625],[49.219,57],[41.938,49.813],[33.188,52.25],[25.875,50.469],[25.875,82.777],[33.313,89.188],[88.813,89.063],[94.5,82.813],[94.375,27.063],[89.719,20.582]]},"ix":2}},{"ty":"fl","bm":0,"hd":false,"mn":"ADBE Vector Graphic - Fill","nm":"Fill 1","c":{"a":0,"k":[0.1059,0.3804,0.9216],"ix":4},"r":1,"o":{"a":0,"k":100,"ix":5}},{"ty":"tr","a":{"a":0,"k":[0,0],"ix":1},"s":{"a":0,"k":[100,100],"ix":3},"sk":{"a":0,"k":0,"ix":4},"p":{"a":0,"k":[0,0],"ix":2},"r":{"a":0,"k":0,"ix":6},"sa":{"a":0,"k":0,"ix":5},"o":{"a":0,"k":100,"ix":7}}]}],"ind":5},{"ty":4,"nm":"Shape Layer 10","sr":1,"st":158,"op":300,"ip":223,"hd":false,"ddd":0,"bm":0,"hasMask":false,"ao":0,"ks":{"a":{"a":0,"k":[0,-0.125,0],"ix":1},"s":{"a":1,"k":[{"o":{"x":0.167,"y":0.167},"i":{"x":0.833,"y":0.833},"s":[40,40,100],"t":191},{"s":[100,100,100],"t":298}],"ix":6},"sk":{"a":0,"k":0},"p":{"a":0,"k":[182,174.88],"ix":2},"r":{"a":0,"k":0,"ix":10},"sa":{"a":0,"k":0},"o":{"a":1,"k":[{"o":{"x":0.167,"y":0.167},"i":{"x":0.833,"y":0.833},"s":[0],"t":224},{"o":{"x":0.167,"y":0.167},"i":{"x":0.833,"y":0.833},"s":[49],"t":247},{"o":{"x":0.167,"y":0.167},"i":{"x":0.833,"y":0.833},"s":[49],"t":281},{"s":[0],"t":298}],"ix":11}},"shapes":[{"ty":"gr","bm":0,"hd":false,"mn":"ADBE Vector Group","nm":"Ellipse 1","ix":1,"cix":2,"np":3,"it":[{"ty":"el","bm":0,"hd":false,"mn":"ADBE Vector Shape - Ellipse","nm":"Ellipse Path 1","d":1,"p":{"a":0,"k":[0,0],"ix":3},"s":{"a":0,"k":[256,256],"ix":2}},{"ty":"st","bm":0,"hd":false,"mn":"ADBE Vector Graphic - Stroke","nm":"Stroke 1","lc":1,"lj":1,"ml":4,"o":{"a":0,"k":100,"ix":4},"w":{"a":0,"k":1,"ix":5},"c":{"a":0,"k":[0,0.5843,0.9373],"ix":3}},{"ty":"tr","a":{"a":0,"k":[0,0],"ix":1},"s":{"a":0,"k":[100,100],"ix":3},"sk":{"a":0,"k":0,"ix":4},"p":{"a":0,"k":[0,-0.125],"ix":2},"r":{"a":0,"k":0,"ix":6},"sa":{"a":0,"k":0,"ix":5},"o":{"a":0,"k":100,"ix":7}}]}],"ind":6},{"ty":4,"nm":"Shape Layer 9","sr":1,"st":96,"op":226,"ip":151,"hd":false,"ddd":0,"bm":0,"hasMask":false,"ao":0,"ks":{"a":{"a":0,"k":[0,-0.125,0],"ix":1},"s":{"a":1,"k":[{"o":{"x":0.167,"y":0.167},"i":{"x":0.833,"y":0.833},"s":[40,40,100],"t":118},{"o":{"x":0.167,"y":0.167},"i":{"x":0.833,"y":0.833},"s":[106.68399151650141,104.53400261862167],"t":158},{"o":{"x":0.167,"y":0.167},"i":{"x":0.833,"y":0.833},"s":[187.72394425937378,184.5452356893932],"t":194},{"o":{"x":0.167,"y":0.167},"i":{"x":0.833,"y":0.833},"s":[140.58440506072373,138.46758448251276],"t":197},{"s":[100,100,100],"t":224}],"ix":6},"sk":{"a":0,"k":0},"p":{"a":0,"k":[175.0049850387948,174.88181317296272],"ix":2},"r":{"a":0,"k":0,"ix":10},"sa":{"a":0,"k":0},"o":{"a":1,"k":[{"o":{"x":0.167,"y":0.167},"i":{"x":0.833,"y":0.833},"s":[0],"t":151},{"o":{"x":0.167,"y":0.167},"i":{"x":0.833,"y":0.833},"s":[49],"t":174},{"o":{"x":0.167,"y":0.167},"i":{"x":0.833,"y":0.833},"s":[49],"t":208},{"s":[0],"t":224}],"ix":11}},"shapes":[{"ty":"gr","bm":0,"hd":false,"mn":"ADBE Vector Group","nm":"Ellipse 1","ix":1,"cix":2,"np":3,"it":[{"ty":"el","bm":0,"hd":false,"mn":"ADBE Vector Shape - Ellipse","nm":"Ellipse Path 1","d":1,"p":{"a":0,"k":[0,0],"ix":3},"s":{"a":0,"k":[192.5,192.5],"ix":2}},{"ty":"st","bm":0,"hd":false,"mn":"ADBE Vector Graphic - Stroke","nm":"Stroke 1","lc":1,"lj":1,"ml":4,"o":{"a":0,"k":100,"ix":4},"w":{"a":0,"k":1,"ix":5},"c":{"a":0,"k":[0,0.5843,0.9373],"ix":3}},{"ty":"tr","a":{"a":0,"k":[0,0],"ix":1},"s":{"a":0,"k":[100,100],"ix":3},"sk":{"a":0,"k":0,"ix":4},"p":{"a":0,"k":[-0.002712423874285078,-0.059367433654658075],"ix":2},"r":{"a":0,"k":0,"ix":6},"sa":{"a":0,"k":0,"ix":5},"o":{"a":0,"k":100,"ix":7}}]}],"ind":7},{"ty":4,"nm":"Shape Layer 8","sr":1,"st":34,"op":151,"ip":77,"hd":false,"ddd":0,"bm":0,"hasMask":false,"ao":0,"ks":{"a":{"a":0,"k":[0,-0.125,0],"ix":1},"s":{"a":1,"k":[{"o":{"x":0.167,"y":0.167},"i":{"x":0.833,"y":0.833},"s":[40,40,100],"t":44},{"s":[100,100,100],"t":151}],"ix":6},"sk":{"a":0,"k":0},"p":{"a":0,"k":[175,174.875],"ix":2},"r":{"a":0,"k":0,"ix":10},"sa":{"a":0,"k":0},"o":{"a":1,"k":[{"o":{"x":0.167,"y":0.167},"i":{"x":0.833,"y":0.833},"s":[0],"t":78},{"o":{"x":0.167,"y":0.167},"i":{"x":0.833,"y":0.833},"s":[49],"t":101},{"o":{"x":0.167,"y":0.167},"i":{"x":0.833,"y":0.833},"s":[49],"t":134},{"s":[0],"t":151}],"ix":11}},"shapes":[{"ty":"gr","bm":0,"hd":false,"mn":"ADBE Vector Group","nm":"Ellipse 1","ix":1,"cix":2,"np":3,"it":[{"ty":"el","bm":0,"hd":false,"mn":"ADBE Vector Shape - Ellipse","nm":"Ellipse Path 1","d":1,"p":{"a":0,"k":[0,0],"ix":3},"s":{"a":0,"k":[192.5,192.5],"ix":2}},{"ty":"st","bm":0,"hd":false,"mn":"ADBE Vector Graphic - Stroke","nm":"Stroke 1","lc":1,"lj":1,"ml":4,"o":{"a":0,"k":100,"ix":4},"w":{"a":0,"k":1,"ix":5},"c":{"a":0,"k":[0,0.5843,0.9373],"ix":3}},{"ty":"tr","a":{"a":0,"k":[0,0],"ix":1},"s":{"a":0,"k":[100,100],"ix":3},"sk":{"a":0,"k":0,"ix":4},"p":{"a":0,"k":[0,-0.125],"ix":2},"r":{"a":0,"k":0,"ix":6},"sa":{"a":0,"k":0,"ix":5},"o":{"a":0,"k":100,"ix":7}}]}],"ind":8},{"ty":4,"nm":"Shape Layer 1","sr":1,"st":-29,"op":79,"ip":0,"hd":false,"ddd":0,"bm":0,"hasMask":false,"ao":0,"ks":{"a":{"a":0,"k":[0,-0.125,0],"ix":1},"s":{"a":1,"k":[{"o":{"x":0.167,"y":0.167},"i":{"x":0.833,"y":0.833},"s":[40,40,100],"t":-29},{"o":{"x":0.167,"y":0.167},"i":{"x":0.833,"y":0.833},"s":[125.58915822489223,125.94001824347313],"t":48},{"o":{"x":0.167,"y":0.167},"i":{"x":0.833,"y":0.833},"s":[148.93165592259012,139.4060585882573],"t":69},{"s":[100,100,100],"t":78}],"ix":6},"sk":{"a":0,"k":0},"p":{"a":0,"k":[175.0000431504241,174.69496285726285],"ix":2},"r":{"a":0,"k":0,"ix":10},"sa":{"a":0,"k":0},"o":{"a":1,"k":[{"o":{"x":0.167,"y":0.167},"i":{"x":0.833,"y":0.833},"s":[0],"t":5},{"o":{"x":0.167,"y":0.167},"i":{"x":0.833,"y":0.833},"s":[49],"t":27},{"o":{"x":0.167,"y":0.167},"i":{"x":0.833,"y":0.833},"s":[49],"t":61},{"s":[0],"t":78}],"ix":11}},"shapes":[{"ty":"gr","bm":0,"hd":false,"mn":"ADBE Vector Group","nm":"Ellipse 1","ix":1,"cix":2,"np":3,"it":[{"ty":"el","bm":0,"hd":false,"mn":"ADBE Vector Shape - Ellipse","nm":"Ellipse Path 1","d":1,"p":{"a":0,"k":[0,0],"ix":3},"s":{"a":0,"k":[192.5,192.5],"ix":2}},{"ty":"st","bm":0,"hd":false,"mn":"ADBE Vector Graphic - Stroke","nm":"Stroke 1","lc":1,"lj":1,"ml":4,"o":{"a":0,"k":100,"ix":4},"w":{"a":0,"k":1,"ix":5},"c":{"a":0,"k":[0,0.5843,0.9373],"ix":3}},{"ty":"tr","a":{"a":0,"k":[0,0],"ix":1},"s":{"a":0,"k":[100,100],"ix":3},"sk":{"a":0,"k":0,"ix":4},"p":{"a":0,"k":[0,0.12],"ix":2},"r":{"a":0,"k":0,"ix":6},"sa":{"a":0,"k":0,"ix":5},"o":{"a":0,"k":100,"ix":7}}]}],"ind":9}],"v":"5.7.0","fr":60,"op":360,"ip":0,"assets":[]}